<schemetools><allProjects><tool command="make.exe" flags="297" folder="$(ProjectPath)" index="0" name="make &amp;clean" params="clean" parsepattern="" shortcut="0"></tool><tool command="make.exe" flags="297" folder="$(ProjectPath)" index="0" name="&amp;make" params="" parsepattern="" shortcut="0"></tool><tool command="make.exe" flags="297" folder="$(ProjectPath)" index="0" name="make &amp;program w/ AVRISPmkII" params="program" parsepattern="" shortcut="0"></tool><tool command="make.exe" flags="41" folder="$(ProjectPath)" index="0" name="make pro&amp;gram w/ bootloader (check AVRDUDE_PORT_BL in makefile or Tools/Options)" params="programbl AVRDUDE_PORT_BL=com4" parsepattern="" shortcut="0"></tool><tool command="make.exe" flags="297" folder="$(ProjectPath)" index="0" name="make bootloader stk500: c&amp;lean" params="-fMakefile_bl-stk500 clean" parsepattern="" shortcut="0"></tool><tool command="make.exe" flags="297" folder="$(ProjectPath)" index="0" name="make &amp;bootloader stk500" params="-fMakefile_bl-stk500" parsepattern="" shortcut="0"></tool><tool command="make.exe" flags="297" folder="$(ProjectPath)" index="0" name="make bootloader stk500: p&amp;rogram" params="-fMakefile_bl-stk500 program" parsepattern="" shortcut="0"></tool><tool command="make.exe" flags="297" folder="$(ProjectPath)" index="0" name="make bootloader minimal: clean" params="-fMakefile_bl-minimal clean" parsepattern="" shortcut="0"></tool><tool command="make.exe" flags="297" folder="$(ProjectPath)" index="0" name="make bootloader minimal" params="-fMakefile_bl-minimal" parsepattern="" shortcut="0"></tool><tool command="make.exe" flags="297" folder="$(ProjectPath)" index="0" name="make bootloader minimal: program" params="-fMakefile_bl-minimal program" parsepattern="" shortcut="0"></tool></allProjects></schemetools>