<schemetools><allProjects><tool command="C:\avr-gcc-5\bin\make.exe" flags="297" folder="$(ProjectPath)" index="0" name="make clean" params="clean" parsepattern="" shortcut="0"></tool><tool command="C:\avr-gcc-5\bin\make.exe" flags="297" folder="$(ProjectPath)" index="0" name="&amp;make" params="" parsepattern="" shortcut="0"></tool><tool command="C:\avr-gcc-5\bin\make.exe" flags="297" folder="$(ProjectPath)" index="0" name="make &amp;program" params="program" parsepattern="" shortcut="0"></tool></allProjects></schemetools>